Workbook
Name Slicer_Gender: #N/A
Name Slicer_Payment_Status: #N/A

Sheet Data
A1: ID | B1: Names | C1: Gender | D1: Salutation | E1: Proper Name | F1: First Name | G1: Last Name | H1: Region | I1: PassingYear | J1: Price | K1: Payment Status | L1: TotalPoints | M1: Signup Device | N1: Streak | O1: Course Name | P1: DegreeCategories - DegreeCategoryId → Name
A2: 64576 | B2: Aarav Dutta | C2: Male | D2: =IF(C2="Male","Mr.","Mrs.") -> Mr. | E2: =_xlfn.CONCAT(D2,B2) -> Mr.Aarav Dutta | F2: =LEFT(B2,FIND(" ",B2)-1) -> Aarav | G2: =MID(B2,FIND(" ",B2)+1,LEN(B2)) -> Dutta | H2: West | I2: 2022 | J2: {=_xlfn.SWITCH(TRUE,H2="North",10000,H2="South",10000,5000)} -> 5000 | K2: Pending | L2: 108 | M2: Mobile | N2: 7 | O2: Competitive Coding | P2: BE / BTech - Non CS / IT
A3: 64578 | B3: Dev Joshi | C3: Male | D3: =IF(C3="Male","Mr.","Mrs.") -> Mr. | E3: =_xlfn.CONCAT(D3,B3) -> Mr.Dev Joshi | F3: =LEFT(B3,FIND(" ",B3)-1) -> Dev | G3: =MID(B3,FIND(" ",B3)+1,LEN(B3)) -> Joshi | H3: North | I3: 2020 | J3: {=_xlfn.SWITCH(TRUE,H3="North",10000,H3="South",10000,5000)} -> 10000 | K3: Completed | L3: 23879 | M3: Mobile | N3: 40 | O3: Kickstarting Web Dev | P3: BCA / MCA
A4: 64580 | B4: Manya Sharma | C4: Male | D4: =IF(C4="Male","Mr.","Mrs.") -> Mr. | E4: =_xlfn.CONCAT(D4,B4) -> Mr.Manya Sharma | F4: =LEFT(B4,FIND(" ",B4)-1) -> Manya | G4: =MID(B4,FIND(" ",B4)+1,LEN(B4)) -> Sharma | H4: West | I4: 2022 | J4: {=_xlfn.SWITCH(TRUE,H4="North",10000,H4="South",10000,5000)} -> 5000 | K4: Completed | L4: 9454 | M4: Web | N4: 22 | O4: Competitive Coding | P4: BE / BTech - CS / IT
A5: 64582 | B5: Samarth Iyer | C5: Male | D5: =IF(C5="Male","Mr.","Mrs.") -> Mr. | E5: =_xlfn.CONCAT(D5,B5) -> Mr.Samarth Iyer | F5: =LEFT(B5,FIND(" ",B5)-1) -> Samarth | G5: =MID(B5,FIND(" ",B5)+1,LEN(B5)) -> Iyer | H5: South | I5: 2019 | J5: {=_xlfn.SWITCH(TRUE,H5="North",10000,H5="South",10000,5000)} -> 10000 | K5: Pending | L5: 0 | M5: Web | N5: 76 | O5: Kickstarting Web Dev | P5: BCA / MCA
A6: 64583 | B6: Mishka Jain | C6: Female | D6: =IF(C6="Male","Mr.","Mrs.") -> Mrs. | E6: =_xlfn.CONCAT(D6,B6) -> Mrs.Mishka Jain | F6: =LEFT(B6,FIND(" ",B6)-1) -> Mishka | G6: =MID(B6,FIND(" ",B6)+1,LEN(B6)) -> Jain | H6: North | I6: 2024 | J6: {=_xlfn.SWITCH(TRUE,H6="North",10000,H6="South",10000,5000)} -> 10000 | K6: Pending | L6: 0 | M6: Web | N6: 19 | O6: Kickstarting Web Dev | P6: BCA / MCA
A7: 64584 | B7: Ira Naidu | C7: Female | D7: =IF(C7="Male","Mr.","Mrs.") -> Mrs. | E7: =_xlfn.CONCAT(D7,B7) -> Mrs.Ira Naidu | F7: =LEFT(B7,FIND(" ",B7)-1) -> Ira | G7: =MID(B7,FIND(" ",B7)+1,LEN(B7)) -> Naidu | H7: West | I7: 2023 | J7: {=_xlfn.SWITCH(TRUE,H7="North",10000,H7="South",10000,5000)} -> 5000 | K7: Payment in Process | L7: 0 | M7: Mobile | N7: 2 | O7: Kickstarting Web Dev | P7: Non-Coding, Non Engineering
A8: 64585 | B8: Aaryan Sinha | C8: Male | D8: =IF(C8="Male","Mr.","Mrs.") -> Mr. | E8: =_xlfn.CONCAT(D8,B8) -> Mr.Aaryan Sinha | F8: =LEFT(B8,FIND(" ",B8)-1) -> Aaryan | G8: =MID(B8,FIND(" ",B8)+1,LEN(B8)) -> Sinha | H8: South | I8: 2016 | J8: {=_xlfn.SWITCH(TRUE,H8="North",10000,H8="South",10000,5000)} -> 10000 | K8: Completed | L8: 1618 | M8: Web | N8: 76 | O8: Data Structure and Algorithms | P8: Non-Coding, Non Engineering
A9: 64586 | B9: Arnav Nair | C9: Male | D9: =IF(C9="Male","Mr.","Mrs.") -> Mr. | E9: =_xlfn.CONCAT(D9,B9) -> Mr.Arnav Nair | F9: =LEFT(B9,FIND(" ",B9)-1) -> Arnav | G9: =MID(B9,FIND(" ",B9)+1,LEN(B9)) -> Nair | H9: North | I9: 2018 | J9: {=_xlfn.SWITCH(TRUE,H9="North",10000,H9="South",10000,5000)} -> 10000 | K9: Completed | L9: 1698 | M9: Web | N9: 63 | O9: Competitive Coding | P9: BE / BTech - CS / IT
A10: 64588 | B10: Lavanya Pillai | C10: Female | D10: =IF(C10="Male","Mr.","Mrs.") -> Mrs. | E10: =_xlfn.CONCAT(D10,B10) -> Mrs.Lavanya Pillai | F10: =LEFT(B10,FIND(" ",B10)-1) -> Lavanya | G10: =MID(B10,FIND(" ",B10)+1,LEN(B10)) -> Pillai | H10: South | I10: 2025 | J10: {=_xlfn.SWITCH(TRUE,H10="North",10000,H10="South",10000,5000)} -> 10000 | K10: Completed | L10: 33696 | M10: Web | N10: 59 | O10: Kickstarting Web Dev | P10: BE / BTech - CS / IT
A11: 64595 | B11: Aaryan Mehta | C11: Male | D11: =IF(C11="Male","Mr.","Mrs.") -> Mr. | E11: =_xlfn.CONCAT(D11,B11) -> Mr.Aaryan Mehta | F11: =LEFT(B11,FIND(" ",B11)-1) -> Aaryan | G11: =MID(B11,FIND(" ",B11)+1,LEN(B11)) -> Mehta | H11: East | I11: 2018 | J11: {=_xlfn.SWITCH(TRUE,H11="North",10000,H11="South",10000,5000)} -> 5000 | K11: Pending | L11: 1026 | M11: Web | N11: 43 | O11: Competitive Coding | P11: Non-Coding, Non Engineering
A12: 64596 | B12: Diya Gupta | C12: Female | D12: =IF(C12="Male","Mr.","Mrs.") -> Mrs. | E12: =_xlfn.CONCAT(D12,B12) -> Mrs.Diya Gupta | F12: =LEFT(B12,FIND(" ",B12)-1) -> Diya | G12: =MID(B12,FIND(" ",B12)+1,LEN(B12)) -> Gupta | H12: West | I12: 2016 | J12: {=_xlfn.SWITCH(TRUE,H12="North",10000,H12="South",10000,5000)} -> 5000 | K12: Payment in Process | L12: 0 | M12: Mobile | N12: 40 | O12: Data Structure and Algorithms | P12: BE / BTech - CS / IT
A13: 64599 | B13: Kian Mishra | C13: Male | D13: =IF(C13="Male","Mr.","Mrs.") -> Mr. | E13: =_xlfn.CONCAT(D13,B13) -> Mr.Kian Mishra | F13: =LEFT(B13,FIND(" ",B13)-1) -> Kian | G13: =MID(B13,FIND(" ",B13)+1,LEN(B13)) -> Mishra | H13: North | I13: 2025 | J13: {=_xlfn.SWITCH(TRUE,H13="North",10000,H13="South",10000,5000)} -> 10000 | K13: Pending | L13: 0 | M13: Web | N13: 27 | O13: Kickstarting Web Dev | P13: Non-Coding, Non Engineering
A14: 64600 | B14: Ayaan Kapoor | C14: Male | D14: =IF(C14="Male","Mr.","Mrs.") -> Mr. | E14: =_xlfn.CONCAT(D14,B14) -> Mr.Ayaan Kapoor | F14: =LEFT(B14,FIND(" ",B14)-1) -> Ayaan | G14: =MID(B14,FIND(" ",B14)+1,LEN(B14)) -> Kapoor | H14: North | I14: 2024 | J14: {=_xlfn.SWITCH(TRUE,H14="North",10000,H14="South",10000,5000)} -> 10000 | K14: Pending | L14: 0 | M14: Mobile | N14: =RANDBETWEEN(0,10) -> 9 | O14: Kickstarting Web Dev | P14: BE / BTech - CS / IT
A15: 64601 | B15: Manya Malik | C15: Female | D15: =IF(C15="Male","Mr.","Mrs.") -> Mrs. | E15: =_xlfn.CONCAT(D15,B15) -> Mrs.Manya Malik | F15: =LEFT(B15,FIND(" ",B15)-1) -> Manya | G15: =MID(B15,FIND(" ",B15)+1,LEN(B15)) -> Malik | H15: North | I15: 2021 | J15: {=_xlfn.SWITCH(TRUE,H15="North",10000,H15="South",10000,5000)} -> 10000 | K15: Pending | L15: 389 | M15: Mobile | N15: 70 | O15: Kickstarting Web Dev | P15: Non-Coding, Non Engineering
A16: 64602 | B16: Laksh Dutta | C16: Male | D16: =IF(C16="Male","Mr.","Mrs.") -> Mr. | E16: =_xlfn.CONCAT(D16,B16) -> Mr.Laksh Dutta | F16: =LEFT(B16,FIND(" ",B16)-1) -> Laksh | G16: =MID(B16,FIND(" ",B16)+1,LEN(B16)) -> Dutta | H16: North | I16: 2026 | J16: {=_xlfn.SWITCH(TRUE,H16="North",10000,H16="South",10000,5000)} -> 10000 | K16: Completed | L16: 1660 | M16: Mobile | N16: 18 | O16: Data Structure and Algorithms | P16: Non-Coding, Non Engineering
A17: 64603 | B17: Aaradhya Sharma | C17: Female | D17: =IF(C17="Male","Mr.","Mrs.") -> Mrs. | E17: =_xlfn.CONCAT(D17,B17) -> Mrs.Aaradhya Sharma | F17: =LEFT(B17,FIND(" ",B17)-1) -> Aaradhya | G17: =MID(B17,FIND(" ",B17)+1,LEN(B17)) -> Sharma | H17: East | I17: 2023 | J17: {=_xlfn.SWITCH(TRUE,H17="North",10000,H17="South",10000,5000)} -> 5000 | K17: Pending | L17: 0 | M17: Mobile | N17: 50 | O17: Kickstarting Web Dev | P17: Non-Coding, Non Engineering
A18: 64604 | B18: Ira Joshi | C18: Female | D18: =IF(C18="Male","Mr.","Mrs.") -> Mrs. | E18: =_xlfn.CONCAT(D18,B18) -> Mrs.Ira Joshi | F18: =LEFT(B18,FIND(" ",B18)-1) -> Ira | G18: =MID(B18,FIND(" ",B18)+1,LEN(B18)) -> Joshi | H18: East | I18: 2026 | J18: {=_xlfn.SWITCH(TRUE,H18="North",10000,H18="South",10000,5000)} -> 5000 | K18: Pending | L18: 250 | M18: Mobile | N18: =RANDBETWEEN(0,10) -> 7 | O18: Data Structure and Algorithms | P18: BE / BTech - CS / IT
A19: 64605 | B19: Samarth Nair | C19: Male | D19: =IF(C19="Male","Mr.","Mrs.") -> Mr. | E19: =_xlfn.CONCAT(D19,B19) -> Mr.Samarth Nair | F19: =LEFT(B19,FIND(" ",B19)-1) -> Samarth | G19: =MID(B19,FIND(" ",B19)+1,LEN(B19)) -> Nair | H19: South | I19: 2017 | J19: {=_xlfn.SWITCH(TRUE,H19="North",10000,H19="South",10000,5000)} -> 10000 | K19: Completed | L19: 4902 | M19: Web | N19: 21 | O19: Competitive Coding | P19: BE / BTech - CS / IT
A20: 64606 | B20: Sai Singh | C20: Male | D20: =IF(C20="Male","Mr.","Mrs.") -> Mr. | E20: =_xlfn.CONCAT(D20,B20) -> Mr.Sai Singh | F20: =LEFT(B20,FIND(" ",B20)-1) -> Sai | G20: =MID(B20,FIND(" ",B20)+1,LEN(B20)) -> Singh | H20: East | I20: 2026 | J20: {=_xlfn.SWITCH(TRUE,H20="North",10000,H20="South",10000,5000)} -> 5000 | K20: Completed | L20: 2589 | M20: Mobile | N20: =RANDBETWEEN(0,10) -> 7 | O20: Data Structure and Algorithms | P20: Non-Coding, Non Engineering
A21: 64607 | B21: Dev Sharma | C21: Male | D21: =IF(C21="Male","Mr.","Mrs.") -> Mr. | E21: =_xlfn.CONCAT(D21,B21) -> Mr.Dev Sharma | F21: =LEFT(B21,FIND(" ",B21)-1) -> Dev | G21: =MID(B21,FIND(" ",B21)+1,LEN(B21)) -> Sharma | H21: North | I21: 2025 | J21: {=_xlfn.SWITCH(TRUE,H21="North",10000,H21="South",10000,5000)} -> 10000 | K21: Pending | L21: 0 | M21: Mobile | N21: =RANDBETWEEN(0,10) -> 8 | O21: Kickstarting Web Dev | P21: Non-Coding, Non Engineering
A22: 64608 | B22: Vihaan Pillai | C22: Male | D22: =IF(C22="Male","Mr.","Mrs.") -> Mr. | E22: =_xlfn.CONCAT(D22,B22) -> Mr.Vihaan Pillai | F22: =LEFT(B22,FIND(" ",B22)-1) -> Vihaan | G22: =MID(B22,FIND(" ",B22)+1,LEN(B22)) -> Pillai | H22: North | I22: 2024 | J22: {=_xlfn.SWITCH(TRUE,H22="North",10000,H22="South",10000,5000)} -> 10000 | K22: Pending | L22: 424 | M22: Mobile | N22: 54 | O22: Competitive Coding | P22: BCA / MCA
A23: 64609 | B23: Manya Pillai | C23: Female | D23: =IF(C23="Male","Mr.","Mrs.") -> Mrs. | E23: =_xlfn.CONCAT(D23,B23) -> Mrs.Manya Pillai | F23: =LEFT(B23,FIND(" ",B23)-1) -> Manya | G23: =MID(B23,FIND(" ",B23)+1,LEN(B23)) -> Pillai | H23: North | I23: 2021 | J23: {=_xlfn.SWITCH(TRUE,H23="North",10000,H23="South",10000,5000)} -> 10000 | K23: Pending | L23: 0 | M23: Mobile | N23: 33 | O23: Kickstarting Web Dev | P23: Non-Coding, Non Engineering
A24: 64610 | B24: Om Thakur | C24: Male | D24: =IF(C24="Male","Mr.","Mrs.") -> Mr. | E24: =_xlfn.CONCAT(D24,B24) -> Mr.Om Thakur | F24: =LEFT(B24,FIND(" ",B24)-1) -> Om | G24: =MID(B24,FIND(" ",B24)+1,LEN(B24)) -> Thakur | H24: North | I24: 2023 | J24: {=_xlfn.SWITCH(TRUE,H24="North",10000,H24="South",10000,5000)} -> 10000 | K24: Completed | L24: 18697 | M24: Web | N24: 16 | O24: Competitive Coding | P24: Non-Coding, Non Engineering
A25: 64611 | B25: Naira Rao | C25: Female | D25: =IF(C25="Male","Mr.","Mrs.") -> Mrs. | E25: =_xlfn.CONCAT(D25,B25) -> Mrs.Naira Rao | F25: =LEFT(B25,FIND(" ",B25)-1) -> Naira | G25: =MID(B25,FIND(" ",B25)+1,LEN(B25)) -> Rao | H25: West | I25: 2023 | J25: {=_xlfn.SWITCH(TRUE,H25="North",10000,H25="South",10000,5000)} -> 5000 | K25: Pending | L25: 0 | M25: Mobile | N25: 47 | O25: Kickstarting Web Dev | P25: BE / BTech - CS / IT
A26: 64612 | B26: Aarohi Reddy | C26: Female | D26: =IF(C26="Male","Mr.","Mrs.") -> Mrs. | E26: =_xlfn.CONCAT(D26,B26) -> Mrs.Aarohi Reddy | F26: =LEFT(B26,FIND(" ",B26)-1) -> Aarohi | G26: =MID(B26,FIND(" ",B26)+1,LEN(B26)) -> Reddy | H26: North | I26: 2022 | J26: {=_xlfn.SWITCH(TRUE,H26="North",10000,H26="South",10000,5000)} -> 10000 | K26: Pending | L26: 0 | M26: Mobile | N26: 65 | O26: Kickstarting Web Dev | P26: Non-Coding, Non Engineering
A27: 64613 | B27: Anvi Verma | C27: Female | D27: =IF(C27="Male","Mr.","Mrs.") -> Mrs. | E27: =_xlfn.CONCAT(D27,B27) -> Mrs.Anvi Verma | F27: =LEFT(B27,FIND(" ",B27)-1) -> Anvi | G27: =MID(B27,FIND(" ",B27)+1,LEN(B27)) -> Verma | H27: West | I27: 2025 | J27: {=_xlfn.SWITCH(TRUE,H27="North",10000,H27="South",10000,5000)} -> 5000 | K27: Pending | L27: 0 | M27: Mobile | N27: 46 | O27: Kickstarting Web Dev | P27: BCA / MCA
A28: 64614 | B28: Tara Sinha | C28: Female | D28: =IF(C28="Male","Mr.","Mrs.") -> Mrs. | E28: =_xlfn.CONCAT(D28,B28) -> Mrs.Tara Sinha | F28: =LEFT(B28,FIND(" ",B28)-1) -> Tara | G28: =MID(B28,FIND(" ",B28)+1,LEN(B28)) -> Sinha | H28: South | I28: 2026 | J28: {=_xlfn.SWITCH(TRUE,H28="North",10000,H28="South",10000,5000)} -> 10000 | K28: Pending | L28: 0 | M28: Mobile | N28: =RANDBETWEEN(0,10) -> 3 | O28: Kickstarting Web Dev | P28: BE / BTech - Non CS / IT
A29: 64618 | B29: Vihaan Jain | C29: Male | D29: =IF(C29="Male","Mr.","Mrs.") -> Mr. | E29: =_xlfn.CONCAT(D29,B29) -> Mr.Vihaan Jain | F29: =LEFT(B29,FIND(" ",B29)-1) -> Vihaan | G29: =MID(B29,FIND(" ",B29)+1,LEN(B29)) -> Jain | H29: West | I29: 2023 | J29: {=_xlfn.SWITCH(TRUE,H29="North",10000,H29="South",10000,5000)} -> 5000 | K29: Pending | L29: 0 | M29: Mobile | N29: 55 | O29: Kickstarting Web Dev | P29: BE / BTech - CS / IT
A30: 64619 | B30: Diya Sharma | C30: Female | D30: =IF(C30="Male","Mr.","Mrs.") -> Mrs. | E30: =_xlfn.CONCAT(D30,B30) -> Mrs.Diya Sharma | F30: =LEFT(B30,FIND(" ",B30)-1) -> Diya | G30: =MID(B30,FIND(" ",B30)+1,LEN(B30)) -> Sharma | H30: South | I30: 2026 | J30: {=_xlfn.SWITCH(TRUE,H30="North",10000,H30="South",10000,5000)} -> 10000 | K30: Completed | L30: 12779 | M30: Mobile | N30: 75 | O30: Kickstarting Web Dev | P30: BE / BTech - CS / IT
A31: 64620 | B31: Vivaan Reddy | C31: Male | D31: =IF(C31="Male","Mr.","Mrs.") -> Mr. | E31: =_xlfn.CONCAT(D31,B31) -> Mr.Vivaan Reddy | F31: =LEFT(B31,FIND(" ",B31)-1) -> Vivaan | G31: =MID(B31,FIND(" ",B31)+1,LEN(B31)) -> Reddy | H31: North | I31: 2023 | J31: {=_xlfn.SWITCH(TRUE,H31="North",10000,H31="South",10000,5000)} -> 10000 | K31: Pending | L31: 265 | M31: Mobile | N31: 28 | O31: Data Structure and Algorithms | P31: BE / BTech - CS / IT
A32: 64621 | B32: Saanvi Naidu | C32: Female | D32: =IF(C32="Male","Mr.","Mrs.") -> Mrs. | E32: =_xlfn.CONCAT(D32,B32) -> Mrs.Saanvi Naidu | F32: =LEFT(B32,FIND(" ",B32)-1) -> Saanvi | G32: =MID(B32,FIND(" ",B32)+1,LEN(B32)) -> Naidu | H32: East | I32: 2025 | J32: {=_xlfn.SWITCH(TRUE,H32="North",10000,H32="South",10000,5000)} -> 5000 | K32: Pending | L32: 0 | M32: Mobile | N32: =RANDBETWEEN(0,10) -> 2 | O32: Kickstarting Web Dev | P32: Non-Coding, Non Engineering
A33: 64622 | B33: Riddhi Malik | C33: Female | D33: =IF(C33="Male","Mr.","Mrs.") -> Mrs. | E33: =_xlfn.CONCAT(D33,B33) -> Mrs.Riddhi Malik | F33: =LEFT(B33,FIND(" ",B33)-1) -> Riddhi | G33: =MID(B33,FIND(" ",B33)+1,LEN(B33)) -> Malik | H33: North | I33: 2024 | J33: {=_xlfn.SWITCH(TRUE,H33="North",10000,H33="South",10000,5000)} -> 10000 | K33: Completed | L33: 9147 | M33: Mobile | N33: 60 | O33: Kickstarting Web Dev | P33: Non-Coding, Non Engineering
A34: 64624 | B34: Aaryan Bhatt | C34: Male | D34: =IF(C34="Male","Mr.","Mrs.") -> Mr. | E34: =_xlfn.CONCAT(D34,B34) -> Mr.Aaryan Bhatt | F34: =LEFT(B34,FIND(" ",B34)-1) -> Aaryan | G34: =MID(B34,FIND(" ",B34)+1,LEN(B34)) -> Bhatt | H34: East | I34: 2019 | J34: {=_xlfn.SWITCH(TRUE,H34="North",10000,H34="South",10000,5000)} -> 5000 | K34: Payment in Process | L34: 0 | M34: Mobile | N34: 64 | O34: Data Structure and Algorithms | P34: Non-Coding, Non Engineering
A35: 64625 | B35: Charvi Bhatt | C35: Female | D35: =IF(C35="Male","Mr.","Mrs.") -> Mrs. | E35: =_xlfn.CONCAT(D35,B35) -> Mrs.Charvi Bhatt | F35: =LEFT(B35,FIND(" ",B35)-1) -> Charvi | G35: =MID(B35,FIND(" ",B35)+1,LEN(B35)) -> Bhatt | H35: South | I35: 2026 | J35: {=_xlfn.SWITCH(TRUE,H35="North",10000,H35="South",10000,5000)} -> 10000 | K35: Completed | L35: 6964 | M35: Mobile | N35: 62 | O35: Data Structure and Algorithms | P35: Non-Coding, Non Engineering
A36: 64626 | B36: Aryan Nair | C36: Male | D36: =IF(C36="Male","Mr.","Mrs.") -> Mr. | E36: =_xlfn.CONCAT(D36,B36) -> Mr.Aryan Nair | F36: =LEFT(B36,FIND(" ",B36)-1) -> Aryan | G36: =MID(B36,FIND(" ",B36)+1,LEN(B36)) -> Nair | H36: East | I36: 2022 | J36: {=_xlfn.SWITCH(TRUE,H36="North",10000,H36="South",10000,5000)} -> 5000 | K36: Completed | L36: 10827 | M36: Mobile | N36: 29 | O36: Data Structure and Algorithms | P36: BCA / MCA
A37: 64627 | B37: Aaryan Kumar | C37: Male | D37: =IF(C37="Male","Mr.","Mrs.") -> Mr. | E37: =_xlfn.CONCAT(D37,B37) -> Mr.Aaryan Kumar | F37: =LEFT(B37,FIND(" ",B37)-1) -> Aaryan | G37: =MID(B37,FIND(" ",B37)+1,LEN(B37)) -> Kumar | H37: West | I37: 2024 | J37: {=_xlfn.SWITCH(TRUE,H37="North",10000,H37="South",10000,5000)} -> 5000 | K37: Pending | L37: 0 | M37: Mobile | N37: 49 | O37: Data Structure and Algorithms | P37: Non-Coding, Non Engineering
A38: 64628 | B38: Samarth Kapoor | C38: Male | D38: =IF(C38="Male","Mr.","Mrs.") -> Mr. | E38: =_xlfn.CONCAT(D38,B38) -> Mr.Samarth Kapoor | F38: =LEFT(B38,FIND(" ",B38)-1) -> Samarth | G38: =MID(B38,FIND(" ",B38)+1,LEN(B38)) -> Kapoor | H38: West | I38: 2021 | J38: {=_xlfn.SWITCH(TRUE,H38="North",10000,H38="South",10000,5000)} -> 5000 | K38: Pending | L38: 0 | M38: Mobile | N38: 14 | O38: Data Structure and Algorithms | P38: BCA / MCA
A39: 64629 | B39: Gauri Chopra | C39: Female | D39: =IF(C39="Male","Mr.","Mrs.") -> Mrs. | E39: =_xlfn.CONCAT(D39,B39) -> Mrs.Gauri Chopra | F39: =LEFT(B39,FIND(" ",B39)-1) -> Gauri | G39: =MID(B39,FIND(" ",B39)+1,LEN(B39)) -> Chopra | H39: West | I39: 2024 | J39: {=_xlfn.SWITCH(TRUE,H39="North",10000,H39="South",10000,5000)} -> 5000 | K39: Completed | L39: 24189 | M39: Web | N39: 67 | O39: Competitive Coding | P39: BE / BTech - CS / IT
A40: 64630 | B40: Vivaan Singh | C40: Male | D40: =IF(C40="Male","Mr.","Mrs.") -> Mr. | E40: =_xlfn.CONCAT(D40,B40) -> Mr.Vivaan Singh | F40: =LEFT(B40,FIND(" ",B40)-1) -> Vivaan | G40: =MID(B40,FIND(" ",B40)+1,LEN(B40)) -> Singh | H40: South | I40: 2018 | J40: {=_xlfn.SWITCH(TRUE,H40="North",10000,H40="South",10000,5000)} -> 10000 | K40: Pending | L40: 4106 | M40: Web | N40: 54 | O40: Competitive Coding | P40: BCA / MCA
A41: 64631 | B41: Vanya Malik | C41: Female | D41: =IF(C41="Male","Mr.","Mrs.") -> Mrs. | E41: =_xlfn.CONCAT(D41,B41) -> Mrs.Vanya Malik | F41: =LEFT(B41,FIND(" ",B41)-1) -> Vanya | G41: =MID(B41,FIND(" ",B41)+1,LEN(B41)) -> Malik | H41: West | I41: 2026 | J41: {=_xlfn.SWITCH(TRUE,H41="North",10000,H41="South",10000,5000)} -> 5000 | K41: Pending | L41: 0 | M41: Web | N41: =RANDBETWEEN(0,10) -> 1 | O41: Data Structure and Algorithms | P41: Non-Coding, Non Engineering
A42: 64632 | B42: Ira Gupta | C42: Female | D42: =IF(C42="Male","Mr.","Mrs.") -> Mrs. | E42: =_xlfn.CONCAT(D42,B42) -> Mrs.Ira Gupta | F42: =LEFT(B42,FIND(" ",B42)-1) -> Ira | G42: =MID(B42,FIND(" ",B42)+1,LEN(B42)) -> Gupta | H42: West | I42: 2026 | J42: {=_xlfn.SWITCH(TRUE,H42="North",10000,H42="South",10000,5000)} -> 5000 | K42: Pending | L42: 0 | M42: Mobile | N42: 80 | O42: Data Structure and Algorithms | P42: Diploma
A43: 64633 | B43: Laksh Kulkarni | C43: Male | D43: =IF(C43="Male","Mr.","Mrs.") -> Mr. | E43: =_xlfn.CONCAT(D43,B43) -> Mr.Laksh Kulkarni | F43: =LEFT(B43,FIND(" ",B43)-1) -> Laksh | G43: =MID(B43,FIND(" ",B43)+1,LEN(B43)) -> Kulkarni | H43: South | I43: 2027 | J43: {=_xlfn.SWITCH(TRUE,H43="North",10000,H43="South",10000,5000)} -> 10000 | K43: Completed | L43: 2180 | M43: Mobile | N43: 0 | O43: Data Structure and Algorithms | P43: BE / BTech - CS / IT
A44: 64634 | B44: Atharv Singh | C44: Male | D44: =IF(C44="Male","Mr.","Mrs.") -> Mr. | E44: =_xlfn.CONCAT(D44,B44) -> Mr.Atharv Singh | F44: =LEFT(B44,FIND(" ",B44)-1) -> Atharv | G44: =MID(B44,FIND(" ",B44)+1,LEN(B44)) -> Singh | H44: North | I44: 2026 | J44: {=_xlfn.SWITCH(TRUE,H44="North",10000,H44="South",10000,5000)} -> 10000 | K44: Pending | L44: 0 | M44: Mobile | N44: =RANDBETWEEN(0,10) -> 6 | O44: Data Structure and Algorithms | P44: BE / BTech - CS / IT
A45: 64635 | B45: Saanvi Kulkarni | C45: Female | D45: =IF(C45="Male","Mr.","Mrs.") -> Mrs. | E45: =_xlfn.CONCAT(D45,B45) -> Mrs.Saanvi Kulkarni | F45: =LEFT(B45,FIND(" ",B45)-1) -> Saanvi | G45: =MID(B45,FIND(" ",B45)+1,LEN(B45)) -> Kulkarni | H45: South | I45: 2017 | J45: {=_xlfn.SWITCH(TRUE,H45="North",10000,H45="South",10000,5000)} -> 10000 | K45: Completed | L45: 17593 | M45: Mobile | N45: =RANDBETWEEN(0,10) -> 7 | O45: Data Structure and Algorithms | P45: BCA / MCA
A46: 64636 | B46: Vanya Nair | C46: Female | D46: =IF(C46="Male","Mr.","Mrs.") -> Mrs. | E46: =_xlfn.CONCAT(D46,B46) -> Mrs.Vanya Nair | F46: =LEFT(B46,FIND(" ",B46)-1) -> Vanya | G46: =MID(B46,FIND(" ",B46)+1,LEN(B46)) -> Nair | H46: North | I46: 2027 | J46: {=_xlfn.SWITCH(TRUE,H46="North",10000,H46="South",10000,5000)} -> 10000 | K46: Pending | L46: 0 | M46: Mobile | N46: 0 | O46: Data Structure and Algorithms | P46: BE / BTech - CS / IT
A47: 64637 | B47: Aarohi Gupta | C47: Female | D47: =IF(C47="Male","Mr.","Mrs.") -> Mrs. | E47: =_xlfn.CONCAT(D47,B47) -> Mrs.Aarohi Gupta | F47: =LEFT(B47,FIND(" ",B47)-1) -> Aarohi | G47: =MID(B47,FIND(" ",B47)+1,LEN(B47)) -> Gupta | H47: North | I47: 2026 | J47: {=_xlfn.SWITCH(TRUE,H47="North",10000,H47="South",10000,5000)} -> 10000 | K47: Completed | L47: 12568 | M47: Mobile | N47: =RANDBETWEEN(0,10) -> 2 | O47: Data Structure and Algorithms | P47: Non-Coding, Non Engineering
A48: 64638 | B48: Siya Jain | C48: Female | D48: =IF(C48="Male","Mr.","Mrs.") -> Mrs. | E48: =_xlfn.CONCAT(D48,B48) -> Mrs.Siya Jain | F48: =LEFT(B48,FIND(" ",B48)-1) -> Siya | G48: =MID(B48,FIND(" ",B48)+1,LEN(B48)) -> Jain | H48: West | I48: 2025 | J48: {=_xlfn.SWITCH(TRUE,H48="North",10000,H48="South",10000,5000)} -> 5000 | K48: Pending | L48: 0 | M48: Mobile | N48: 26 | O48: Data Structure and Algorithms | P48: BCA / MCA
A49: 64639 | B49: Sai Malik | C49: Male | D49: =IF(C49="Male","Mr.","Mrs.") -> Mr. | E49: =_xlfn.CONCAT(D49,B49) -> Mr.Sai Malik | F49: =LEFT(B49,FIND(" ",B49)-1) -> Sai | G49: =MID(B49,FIND(" ",B49)+1,LEN(B49)) -> Malik | H49: South | I49: 2023 | J49: {=_xlfn.SWITCH(TRUE,H49="North",10000,H49="South",10000,5000)} -> 10000 | K49: Pending | L49: 0 | M49: Mobile | N49: =RANDBETWEEN(0,10) -> 5 | O49: Data Structure and Algorithms | P49: BCA / MCA
A50: 64640 | B50: Harsh Desai | C50: Male | D50: =IF(C50="Male","Mr.","Mrs.") -> Mr. | E50: =_xlfn.CONCAT(D50,B50) -> Mr.Harsh Desai | F50: =LEFT(B50,FIND(" ",B50)-1) -> Harsh | G50: =MID(B50,FIND(" ",B50)+1,LEN(B50)) -> Desai | H50: East | I50: 2026 | J50: {=_xlfn.SWITCH(TRUE,H50="North",10000,H50="South",10000,5000)} -> 5000 | K50: Pending | L50: 0 | M50: Mobile | N50: 64 | O50: Data Structure and Algorithms | P50: BCA / MCA
A51: 64641 | B51: Om Reddy | C51: Male | D51: =IF(C51="Male","Mr.","Mrs.") -> Mr. | E51: =_xlfn.CONCAT(D51,B51) -> Mr.Om Reddy | F51: =LEFT(B51,FIND(" ",B51)-1) -> Om | G51: =MID(B51,FIND(" ",B51)+1,LEN(B51)) -> Reddy | H51: East | I51: 2022 | J51: {=_xlfn.SWITCH(TRUE,H51="North",10000,H51="South",10000,5000)} -> 5000 | K51: Completed | L51: 2482 | M51: Mobile | N51: 43 | O51: Data Structure and Algorithms | P51: BE / BTech - CS / IT
A52: 64643 | B52: Diya Sinha | C52: Female | D52: =IF(C52="Male","Mr.","Mrs.") -> Mrs. | E52: =_xlfn.CONCAT(D52,B52) -> Mrs.Diya Sinha | F52: =LEFT(B52,FIND(" ",B52)-1) -> Diya | G52: =MID(B52,FIND(" ",B52)+1,LEN(B52)) -> Sinha | H52: North | I52: 2028 | J52: {=_xlfn.SWITCH(TRUE,H52="North",10000,H52="South",10000,5000)} -> 10000 | K52: Pending | L52: 0 | M52: Mobile | N52: =RANDBETWEEN(0,10) -> 6 | O52: Data Structure and Algorithms | P52: BCA / MCA
A53: 64644 | B53: Harsh Verma | C53: Male | D53: =IF(C53="Male","Mr.","Mrs.") -> Mr. | E53: =_xlfn.CONCAT(D53,B53) -> Mr.Harsh Verma | F53: =LEFT(B53,FIND(" ",B53)-1) -> Harsh | G53: =MID(B53,FIND(" ",B53)+1,LEN(B53)) -> Verma | H53: South | I53: 2025 | J53: {=_xlfn.SWITCH(TRUE,H53="North",10000,H53="South",10000,5000)} -> 10000 | K53: Completed | L53: 5819 | M53: Mobile | N53: =RANDBETWEEN(0,10) -> 9 | O53: Data Structure and Algorithms | P53: Non-Coding, Non Engineering
A54: 64645 | B54: Mahira Gupta | C54: Female | D54: =IF(C54="Male","Mr.","Mrs.") -> Mrs. | E54: =_xlfn.CONCAT(D54,B54) -> Mrs.Mahira Gupta | F54: =LEFT(B54,FIND(" ",B54)-1) -> Mahira | G54: =MID(B54,FIND(" ",B54)+1,LEN(B54)) -> Gupta | H54: North | I54: 2024 | J54: {=_xlfn.SWITCH(TRUE,H54="North",10000,H54="South",10000,5000)} -> 10000 | K54: Completed | L54: 3622 | M54: Mobile | N54: =RANDBETWEEN(0,10) -> 10 | O54: Competitive Coding | P54: Diploma
A55: 64647 | B55: Prisha Reddy | C55: Female | D55: =IF(C55="Male","Mr.","Mrs.") -> Mrs. | E55: =_xlfn.CONCAT(D55,B55) -> Mrs.Prisha Reddy | F55: =LEFT(B55,FIND(" ",B55)-1) -> Prisha | G55: =MID(B55,FIND(" ",B55)+1,LEN(B55)) -> Reddy | H55: South | I55: 2025 | J55: {=_xlfn.SWITCH(TRUE,H55="North",10000,H55="South",10000,5000)} -> 10000 | K55: Pending | L55: 5730 | M55: Mobile | N55: 12 | O55: Competitive Coding | P55: Non-Coding, Non Engineering
A56: 64648 | B56: Naira Bhat | C56: Female | D56: =IF(C56="Male","Mr.","Mrs.") -> Mrs. | E56: =_xlfn.CONCAT(D56,B56) -> Mrs.Naira Bhat | F56: =LEFT(B56,FIND(" ",B56)-1) -> Naira | G56: =MID(B56,FIND(" ",B56)+1,LEN(B56)) -> Bhat | H56: South | I56: 2028 | J56: {=_xlfn.SWITCH(TRUE,H56="North",10000,H56="South",10000,5000)} -> 10000 | K56: Pending | L56: 0 | M56: Mobile | N56: =RANDBETWEEN(0,10) -> 4 | O56: Data Structure and Algorithms | P56: BE / BTech - CS / IT
A57: 64649 | B57: Inaaya Mishra | C57: Female | D57: =IF(C57="Male","Mr.","Mrs.") -> Mrs. | E57: =_xlfn.CONCAT(D57,B57) -> Mrs.Inaaya Mishra | F57: =LEFT(B57,FIND(" ",B57)-1) -> Inaaya | G57: =MID(B57,FIND(" ",B57)+1,LEN(B57)) -> Mishra | H57: South | I57: 2022 | J57: {=_xlfn.SWITCH(TRUE,H57="North",10000,H57="South",10000,5000)} -> 10000 | K57: Pending | L57: 228 | M57: Mobile | N57: =RANDBETWEEN(0,10) -> 6 | O57: Competitive Coding | P57: Diploma
A58: 64650 | B58: Kabir Thakur | C58: Male | D58: =IF(C58="Male","Mr.","Mrs.") -> Mr. | E58: =_xlfn.CONCAT(D58,B58) -> Mr.Kabir Thakur | F58: =LEFT(B58,FIND(" ",B58)-1) -> Kabir | G58: =MID(B58,FIND(" ",B58)+1,LEN(B58)) -> Thakur | H58: North | I58: 2027 | J58: {=_xlfn.SWITCH(TRUE,H58="North",10000,H58="South",10000,5000)} -> 10000 | K58: Pending | L58: 1830 | M58: Mobile | N58: 33 | O58: Data Structure and Algorithms | P58: BCA / MCA
A59: 64651 | B59: Gauri Patel | C59: Female | D59: =IF(C59="Male","Mr.","Mrs.") -> Mrs. | E59: =_xlfn.CONCAT(D59,B59) -> Mrs.Gauri Patel | F59: =LEFT(B59,FIND(" ",B59)-1) -> Gauri | G59: =MID(B59,FIND(" ",B59)+1,LEN(B59)) -> Patel | H59: North | I59: 2025 | J59: {=_xlfn.SWITCH(TRUE,H59="North",10000,H59="South",10000,5000)} -> 10000 | K59: Completed | L59: 15621 | M59: Mobile | N59: 57 | O59: Data Structure and Algorithms | P59: BE / BTech - CS / IT
A60: 64652 | B60: Atharv Prasad | C60: Male | D60: =IF(C60="Male","Mr.","Mrs.") -> Mr. | E60: =_xlfn.CONCAT(D60,B60) -> Mr.Atharv Prasad | F60: =LEFT(B60,FIND(" ",B60)-1) -> Atharv | G60: =MID(B60,FIND(" ",B60)+1,LEN(B60)) -> Prasad | H60: West | I60: 2025 | J60: {=_xlfn.SWITCH(TRUE,H60="North",10000,H60="South",10000,5000)} -> 5000 | K60: Completed | L60: 1645 | M60: Mobile | N60: =RANDBETWEEN(0,10) -> 1 | O60: Data Structure and Algorithms | P60: Non-Coding, Non Engineering
A61: 64653 | B61: Kabir Nair | C61: Male | D61: =IF(C61="Male","Mr.","Mrs.") -> Mr. | E61: =_xlfn.CONCAT(D61,B61) -> Mr.Kabir Nair | F61: =LEFT(B61,FIND(" ",B61)-1) -> Kabir | G61: =MID(B61,FIND(" ",B61)+1,LEN(B61)) -> Nair | H61: East | I61: 2021 | J61: {=_xlfn.SWITCH(TRUE,H61="North",10000,H61="South",10000,5000)} -> 5000 | K61: Pending | L61: 0 | M61: Mobile | N61: 63 | O61: Data Structure and Algorithms | P61: BE / BTech - Non CS / IT
A62: 64654 | B62: Kyra Verma | C62: Female | D62: =IF(C62="Male","Mr.","Mrs.") -> Mrs. | E62: =_xlfn.CONCAT(D62,B62) -> Mrs.Kyra Verma | F62: =LEFT(B62,FIND(" ",B62)-1) -> Kyra | G62: =MID(B62,FIND(" ",B62)+1,LEN(B62)) -> Verma | H62: East | I62: 2026 | J62: {=_xlfn.SWITCH(TRUE,H62="North",10000,H62="South",10000,5000)} -> 5000 | K62: Pending | L62: 276 | M62: Mobile | N62: 40 | O62: Data Structure and Algorithms | P62: BE / BTech - CS / IT
A63: 64656 | B63: Myra Dutta | C63: Female | D63: =IF(C63="Male","Mr.","Mrs.") -> Mrs. | E63: =_xlfn.CONCAT(D63,B63) -> Mrs.Myra Dutta | F63: =LEFT(B63,FIND(" ",B63)-1) -> Myra | G63: =MID(B63,FIND(" ",B63)+1,LEN(B63)) -> Dutta | H63: North | I63: 2022 | J63: {=_xlfn.SWITCH(TRUE,H63="North",10000,H63="South",10000,5000)} -> 10000 | K63: Completed | L63: 18304 | M63: Mobile | N63: 47 | O63: Data Structure and Algorithms | P63: BE / BTech - CS / IT
A64: 64657 | B64: Samarth Jain | C64: Male | D64: =IF(C64="Male","Mr.","Mrs.") -> Mr. | E64: =_xlfn.CONCAT(D64,B64) -> Mr.Samarth Jain | F64: =LEFT(B64,FIND(" ",B64)-1) -> Samarth | G64: =MID(B64,FIND(" ",B64)+1,LEN(B64)) -> Jain | H64: South | I64: 2022 | J64: {=_xlfn.SWITCH(TRUE,H64="North",10000,H64="South",10000,5000)} -> 10000 | K64: Completed | L64: 22555 | M64: Mobile | N64: =RANDBETWEEN(0,10) -> 7 | O64: Data Structure and Algorithms | P64: BE / BTech - CS / IT
A65: 64658 | B65: Krishna Thakur | C65: Male | D65: =IF(C65="Male","Mr.","Mrs.") -> Mr. | E65: =_xlfn.CONCAT(D65,B65) -> Mr.Krishna Thakur | F65: =LEFT(B65,FIND(" ",B65)-1) -> Krishna | G65: =MID(B65,FIND(" ",B65)+1,LEN(B65)) -> Thakur | H65: South | I65: 2025 | J65: {=_xlfn.SWITCH(TRUE,H65="North",10000,H65="South",10000,5000)} -> 10000 | K65: Pending | L65: 0 | M65: Mobile | N65: 7 | O65: Data Structure and Algorithms | P65: BE / BTech - CS / IT
A66: 64659 | B66: Aarohi Sharma | C66: Female | D66: =IF(C66="Male","Mr.","Mrs.") -> Mrs. | E66: =_xlfn.CONCAT(D66,B66) -> Mrs.Aarohi Sharma | F66: =LEFT(B66,FIND(" ",B66)-1) -> Aarohi | G66: =MID(B66,FIND(" ",B66)+1,LEN(B66)) -> Sharma | H66: East | I66: 2027 | J66: {=_xlfn.SWITCH(TRUE,H66="North",10000,H66="South",10000,5000)} -> 5000 | K66: Pending | L66: 0 | M66: Mobile | N66: 39 | O66: Data Structure and Algorithms | P66: BE / BTech - Non CS / IT
A67: 64660 | B67: Anaya Singh | C67: Female | D67: =IF(C67="Male","Mr.","Mrs.") -> Mrs. | E67: =_xlfn.CONCAT(D67,B67) -> Mrs.Anaya Singh | F67: =LEFT(B67,FIND(" ",B67)-1) -> Anaya | G67: =MID(B67,FIND(" ",B67)+1,LEN(B67)) -> Singh | H67: West | I67: 2017 | J67: {=_xlfn.SWITCH(TRUE,H67="North",10000,H67="South",10000,5000)} -> 5000 | K67: Pending | L67: 0 | M67: Mobile | N67: 3 | O67: Data Structure and Algorithms | P67: Non-Coding, Non Engineering
A68: 64661 | B68: Shaurya Pillai | C68: Male | D68: =IF(C68="Male","Mr.","Mrs.") -> Mr. | E68: =_xlfn.CONCAT(D68,B68) -> Mr.Shaurya Pillai | F68: =LEFT(B68,FIND(" ",B68)-1) -> Shaurya | G68: =MID(B68,FIND(" ",B68)+1,LEN(B68)) -> Pillai | H68: East | I68: 2017 | J68: {=_xlfn.SWITCH(TRUE,H68="North",10000,H68="South",10000,5000)} -> 5000 | K68: Completed | L68: 6434 | M68: Mobile | N68: 70 | O68: Data Structure and Algorithms | P68: BE / BTech - Non CS / IT
A69: 64662 | B69: Aryan Reddy | C69: Male | D69: =IF(C69="Male","Mr.","Mrs.") -> Mr. | E69: =_xlfn.CONCAT(D69,B69) -> Mr.Aryan Reddy | F69: =LEFT(B69,FIND(" ",B69)-1) -> Aryan | G69: =MID(B69,FIND(" ",B69)+1,LEN(B69)) -> Reddy | H69: West | I69: 2024 | J69: {=_xlfn.SWITCH(TRUE,H69="North",10000,H69="South",10000,5000)} -> 5000 | K69: Pending | L69: 2816 | M69: Mobile | N69: 22 | O69: Competitive Coding | P69: Diploma
A70: 64663 | B70: Vanya Bhatt | C70: Female | D70: =IF(C70="Male","Mr.","Mrs.") -> Mrs. | E70: =_xlfn.CONCAT(D70,B70) -> Mrs.Vanya Bhatt | F70: =LEFT(B70,FIND(" ",B70)-1) -> Vanya | G70: =MID(B70,FIND(" ",B70)+1,LEN(B70)) -> Bhatt | H70: West | I70: 2023 | J70: {=_xlfn.SWITCH(TRUE,H70="North",10000,H70="South",10000,5000)} -> 5000 | K70: Pending | L70: 0 | M70: Mobile | N70: 22 | O70: Competitive Coding | P70: BE / BTech - Non CS / IT
A71: 64664 | B71: Aarohi Malik | C71: Female | D71: =IF(C71="Male","Mr.","Mrs.") -> Mrs. | E71: =_xlfn.CONCAT(D71,B71) -> Mrs.Aarohi Malik | F71: =LEFT(B71,FIND(" ",B71)-1) -> Aarohi | G71: =MID(B71,FIND(" ",B71)+1,LEN(B71)) -> Malik | H71: South | I71: 2025 | J71: {=_xlfn.SWITCH(TRUE,H71="North",10000,H71="South",10000,5000)} -> 10000 | K71: Pending | L71: 0 | M71: Mobile | N71: 18 | O71: Data Structure and Algorithms | P71: BE / BTech - CS / IT
A72: 64665 | B72: Vihaan Kulkarni | C72: Male | D72: =IF(C72="Male","Mr.","Mrs.") -> Mr. | E72: =_xlfn.CONCAT(D72,B72) -> Mr.Vihaan Kulkarni | F72: =LEFT(B72,FIND(" ",B72)-1) -> Vihaan | G72: =MID(B72,FIND(" ",B72)+1,LEN(B72)) -> Kulkarni | H72: North | I72: 2027 | J72: {=_xlfn.SWITCH(TRUE,H72="North",10000,H72="South",10000,5000)} -> 10000 | K72: Pending | L72: 0 | M72: Mobile | N72: 77 | O72: Data Structure and Algorithms | P72: Diploma
A73: 64666 | B73: Vihaan Reddy | C73: Male | D73: =IF(C73="Male","Mr.","Mrs.") -> Mr. | E73: =_xlfn.CONCAT(D73,B73) -> Mr.Vihaan Reddy | F73: =LEFT(B73,FIND(" ",B73)-1) -> Vihaan | G73: =MID(B73,FIND(" ",B73)+1,LEN(B73)) -> Reddy | H73: West | I73: 2025 | J73: {=_xlfn.SWITCH(TRUE,H73="North",10000,H73="South",10000,5000)} -> 5000 | K73: Pending | L73: 0 | M73: Mobile | N73: 39 | O73: Data Structure and Algorithms | P73: BE / BTech - CS / IT
A74: 64667 | B74: Vihaan Rao | C74: Male | D74: =IF(C74="Male","Mr.","Mrs.") -> Mr. | E74: =_xlfn.CONCAT(D74,B74) -> Mr.Vihaan Rao | F74: =LEFT(B74,FIND(" ",B74)-1) -> Vihaan | G74: =MID(B74,FIND(" ",B74)+1,LEN(B74)) -> Rao | H74: North | I74: 2028 | J74: {=_xlfn.SWITCH(TRUE,H74="North",10000,H74="South",10000,5000)} -> 10000 | K74: Pending | L74: 0 | M74: Mobile | N74: 56 | O74: Data Structure and Algorithms | P74: BE / BTech - Non CS / IT
A75: 64669 | B75: Shaurya Mishra | C75: Male | D75: =IF(C75="Male","Mr.","Mrs.") -> Mr. | E75: =_xlfn.CONCAT(D75,B75) -> Mr.Shaurya Mishra | F75: =LEFT(B75,FIND(" ",B75)-1) -> Shaurya | G75: =MID(B75,FIND(" ",B75)+1,LEN(B75)) -> Mishra | H75: West | I75: 2025 | J75: {=_xlfn.SWITCH(TRUE,H75="North",10000,H75="South",10000,5000)} -> 5000 | K75: Pending | L75: 0 | M75: Web | N75: =RANDBETWEEN(0,10) -> 6 | O75: Data Structure and Algorithms | P75: BE / BTech - CS / IT
A76: 64670 | B76: Vivaan Sharma | C76: Male | D76: =IF(C76="Male","Mr.","Mrs.") -> Mr. | E76: =_xlfn.CONCAT(D76,B76) -> Mr.Vivaan Sharma | F76: =LEFT(B76,FIND(" ",B76)-1) -> Vivaan | G76: =MID(B76,FIND(" ",B76)+1,LEN(B76)) -> Sharma | H76: North | I76: 2026 | J76: {=_xlfn.SWITCH(TRUE,H76="North",10000,H76="South",10000,5000)} -> 10000 | K76: Pending | L76: 1630 | M76: Mobile | N76: 66 | O76: Data Structure and Algorithms | P76: Non-Coding, Non Engineering
A77: 64671 | B77: Raghav Iyer | C77: Male | D77: =IF(C77="Male","Mr.","Mrs.") -> Mr. | E77: =_xlfn.CONCAT(D77,B77) -> Mr.Raghav Iyer | F77: =LEFT(B77,FIND(" ",B77)-1) -> Raghav | G77: =MID(B77,FIND(" ",B77)+1,LEN(B77)) -> Iyer | H77: South | I77: 2017 | J77: {=_xlfn.SWITCH(TRUE,H77="North",10000,H77="South",10000,5000)} -> 10000 | K77: Completed | L77: 19473 | M77: Mobile | N77: 7 | O77: Competitive Coding | P77: Non-Coding, Non Engineering
A78: 64672 | B78: Siya Desai | C78: Female | D78: =IF(C78="Male","Mr.","Mrs.") -> Mrs. | E78: =_xlfn.CONCAT(D78,B78) -> Mrs.Siya Desai | F78: =LEFT(B78,FIND(" ",B78)-1) -> Siya | G78: =MID(B78,FIND(" ",B78)+1,LEN(B78)) -> Desai | H78: West | I78: 2022 | J78: {=_xlfn.SWITCH(TRUE,H78="North",10000,H78="South",10000,5000)} -> 5000 | K78: Completed | L78: 16356 | M78: Mobile | N78: 70 | O78: Data Structure and Algorithms | P78: BCA / MCA
A79: 64673 | B79: Kian Agarwal | C79: Male | D79: =IF(C79="Male","Mr.","Mrs.") -> Mr. | E79: =_xlfn.CONCAT(D79,B79) -> Mr.Kian Agarwal | F79: =LEFT(B79,FIND(" ",B79)-1) -> Kian | G79: =MID(B79,FIND(" ",B79)+1,LEN(B79)) -> Agarwal | H79: South | I79: 2025 | J79: {=_xlfn.SWITCH(TRUE,H79="North",10000,H79="South",10000,5000)} -> 10000 | K79: Pending | L79: 0 | M79: Mobile | N79: 69 | O79: Data Structure and Algorithms | P79: BE / BTech - CS / IT
A80: 64677 | B80: Ira Thakur | C80: Female | D80: =IF(C80="Male","Mr.","Mrs.") -> Mrs. | E80: =_xlfn.CONCAT(D80,B80) -> Mrs.Ira Thakur | F80: =LEFT(B80,FIND(" ",B80)-1) -> Ira | G80: =MID(B80,FIND(" ",B80)+1,LEN(B80)) -> Thakur | H80: South | I80: 2021 | J80: {=_xlfn.SWITCH(TRUE,H80="North",10000,H80="South",10000,5000)} -> 10000 | K80: Pending | L80: 0 | M80: Web | N80: 27 | O80: Data Structure and Algorithms | P80: BE / BTech - CS / IT
A81: 64680 | B81: Aarohi Chopra | C81: Female | D81: =IF(C81="Male","Mr.","Mrs.") -> Mrs. | E81: =_xlfn.CONCAT(D81,B81) -> Mrs.Aarohi Chopra | F81: =LEFT(B81,FIND(" ",B81)-1) -> Aarohi | G81: =MID(B81,FIND(" ",B81)+1,LEN(B81)) -> Chopra | H81: South | I81: 2024 | J81: {=_xlfn.SWITCH(TRUE,H81="North",10000,H81="South",10000,5000)} -> 10000 | K81: Completed | L81: 16692 | M81: Mobile | N81: 34 | O81: Competitive Coding | P81: BE / BTech - CS / IT
A82: 64681 | B82: Vivaan Patel | C82: Male | D82: =IF(C82="Male","Mr.","Mrs.") -> Mr. | E82: =_xlfn.CONCAT(D82,B82) -> Mr.Vivaan Patel | F82: =LEFT(B82,FIND(" ",B82)-1) -> Vivaan | G82: =MID(B82,FIND(" ",B82)+1,LEN(B82)) -> Patel | H82: South | I82: 2027 | J82: {=_xlfn.SWITCH(TRUE,H82="North",10000,H82="South",10000,5000)} -> 10000 | K82: Pending | L82: 4885 | M82: Mobile | N82: 40 | O82: Data Structure and Algorithms | P82: Non-Coding, Non Engineering
A83: 64682 | B83: Siya Joshi | C83: Female | D83: =IF(C83="Male","Mr.","Mrs.") -> Mrs. | E83: =_xlfn.CONCAT(D83,B83) -> Mrs.Siya Joshi | F83: =LEFT(B83,FIND(" ",B83)-1) -> Siya | G83: =MID(B83,FIND(" ",B83)+1,LEN(B83)) -> Joshi | H83: West | I83: 2020 | J83: {=_xlfn.SWITCH(TRUE,H83="North",10000,H83="South",10000,5000)} -> 5000 | K83: Completed | L83: 2770 | M83: Mobile | N83: 8 | O83: Data Structure and Algorithms | P83: BE / BTech - Non CS / IT
A84: 64683 | B84: Siddharth Iyer | C84: Male | D84: =IF(C84="Male","Mr.","Mrs.") -> Mr. | E84: =_xlfn.CONCAT(D84,B84) -> Mr.Siddharth Iyer | F84: =LEFT(B84,FIND(" ",B84)-1) -> Siddharth | G84: =MID(B84,FIND(" ",B84)+1,LEN(B84)) -> Iyer | H84: North | I84: 2023 | J84: {=_xlfn.SWITCH(TRUE,H84="North",10000,H84="South",10000,5000)} -> 10000 | K84: Pending | L84: 0 | M84: Mobile | N84: 51 | O84: Data Structure and Algorithms | P84: BE / BTech - CS / IT
A85: 64684 | B85: Manya Desai | C85: Female | D85: =IF(C85="Male","Mr.","Mrs.") -> Mrs. | E85: =_xlfn.CONCAT(D85,B85) -> Mrs.Manya Desai | F85: =LEFT(B85,FIND(" ",B85)-1) -> Manya | G85: =MID(B85,FIND(" ",B85)+1,LEN(B85)) -> Desai | H85: North | I85: 2019 | J85: {=_xlfn.SWITCH(TRUE,H85="North",10000,H85="South",10000,5000)} -> 10000 | K85: Pending | L85: 0 | M85: Mobile | N85: =RANDBETWEEN(0,10) -> 0 | O85: Data Structure and Algorithms | P85: Diploma
A86: 64685 | B86: Eva Sinha | C86: Female | D86: =IF(C86="Male","Mr.","Mrs.") -> Mrs. | E86: =_xlfn.CONCAT(D86,B86) -> Mrs.Eva Sinha | F86: =LEFT(B86,FIND(" ",B86)-1) -> Eva | G86: =MID(B86,FIND(" ",B86)+1,LEN(B86)) -> Sinha | H86: West | I86: 2026 | J86: {=_xlfn.SWITCH(TRUE,H86="North",10000,H86="South",10000,5000)} -> 5000 | K86: Pending | L86: 3220 | M86: Web | N86: 71 | O86: Data Structure and Algorithms | P86: BCA / MCA
A87: 64686 | B87: Aaryan Nair | C87: Male | D87: =IF(C87="Male","Mr.","Mrs.") -> Mr. | E87: =_xlfn.CONCAT(D87,B87) -> Mr.Aaryan Nair | F87: =LEFT(B87,FIND(" ",B87)-1) -> Aaryan | G87: =MID(B87,FIND(" ",B87)+1,LEN(B87)) -> Nair | H87: North | I87: 2026 | J87: {=_xlfn.SWITCH(TRUE,H87="North",10000,H87="South",10000,5000)} -> 10000 | K87: Completed | L87: 24483 | M87: Mobile | N87: 2 | O87: Data Structure and Algorithms | P87: Non-Coding, Non Engineering
A88: 64687 | B88: Avni Verma | C88: Female | D88: =IF(C88="Male","Mr.","Mrs.") -> Mrs. | E88: =_xlfn.CONCAT(D88,B88) -> Mrs.Avni Verma | F88: =LEFT(B88,FIND(" ",B88)-1) -> Avni | G88: =MID(B88,FIND(" ",B88)+1,LEN(B88)) -> Verma | H88: East | I88: 2025 | J88: {=_xlfn.SWITCH(TRUE,H88="North",10000,H88="South",10000,5000)} -> 5000 | K88: Pending | L88: 0 | M88: Mobile | N88: 40 | O88: Data Structure and Algorithms | P88: Diploma
A89: 64690 | B89: Raghav Patel | C89: Male | D89: =IF(C89="Male","Mr.","Mrs.") -> Mr. | E89: =_xlfn.CONCAT(D89,B89) -> Mr.Raghav Patel | F89: =LEFT(B89,FIND(" ",B89)-1) -> Raghav | G89: =MID(B89,FIND(" ",B89)+1,LEN(B89)) -> Patel | H89: South | I89: 2024 | J89: {=_xlfn.SWITCH(TRUE,H89="North",10000,H89="South",10000,5000)} -> 10000 | K89: Pending | L89: 0 | M89: Mobile | N89: =RANDBETWEEN(0,10) -> 0 | O89: Data Structure and Algorithms | P89: BE / BTech - Non CS / IT
A90: 64691 | B90: Raghav Thakur | C90: Male | D90: =IF(C90="Male","Mr.","Mrs.") -> Mr. | E90: =_xlfn.CONCAT(D90,B90) -> Mr.Raghav Thakur | F90: =LEFT(B90,FIND(" ",B90)-1) -> Raghav | G90: =MID(B90,FIND(" ",B90)+1,LEN(B90)) -> Thakur | H90: North | I90: 2019 | J90: {=_xlfn.SWITCH(TRUE,H90="North",10000,H90="South",10000,5000)} -> 10000 | K90: Completed | L90: 22524 | M90: Web | N90: 4 | O90: Competitive Coding | P90: BE / BTech - CS / IT
A91: 64692 | B91: Raghav Chowdhury | C91: Male | D91: =IF(C91="Male","Mr.","Mrs.") -> Mr. | E91: =_xlfn.CONCAT(D91,B91) -> Mr.Raghav Chowdhury | F91: =LEFT(B91,FIND(" ",B91)-1) -> Raghav | G91: =MID(B91,FIND(" ",B91)+1,LEN(B91)) -> Chowdhury | H91: South | I91: 2024 | J91: {=_xlfn.SWITCH(TRUE,H91="North",10000,H91="South",10000,5000)} -> 10000 | K91: Pending | L91: 0 | M91: Web | N91: 68 | O91: Data Structure and Algorithms | P91: Diploma
A92: 64693 | B92: Ira Kapoor | C92: Female | D92: =IF(C92="Male","Mr.","Mrs.") -> Mrs. | E92: =_xlfn.CONCAT(D92,B92) -> Mrs.Ira Kapoor | F92: =LEFT(B92,FIND(" ",B92)-1) -> Ira | G92: =MID(B92,FIND(" ",B92)+1,LEN(B92)) -> Kapoor | H92: South | I92: 2023 | J92: {=_xlfn.SWITCH(TRUE,H92="North",10000,H92="South",10000,5000)} -> 10000 | K92: Completed | L92: 1422 | M92: Web | N92: =RANDBETWEEN(0,10) -> 8 | O92: Competitive Coding | P92: Non-Coding, Non Engineering
A93: 64698 | B93: Aditya Chowdhury | C93: Male | D93: =IF(C93="Male","Mr.","Mrs.") -> Mr. | E93: =_xlfn.CONCAT(D93,B93) -> Mr.Aditya Chowdhury | F93: =LEFT(B93,FIND(" ",B93)-1) -> Aditya | G93: =MID(B93,FIND(" ",B93)+1,LEN(B93)) -> Chowdhury | H93: East | I93: 2026 | J93: {=_xlfn.SWITCH(TRUE,H93="North",10000,H93="South",10000,5000)} -> 5000 | K93: Pending | L93: 0 | M93: Mobile | N93: =RANDBETWEEN(0,10) -> 1 | O93: Data Structure and Algorithms | P93: BE / BTech - Non CS / IT
A94: 64699 | B94: Aditya Naidu | C94: Male | D94: =IF(C94="Male","Mr.","Mrs.") -> Mr. | E94: =_xlfn.CONCAT(D94,B94) -> Mr.Aditya Naidu | F94: =LEFT(B94,FIND(" ",B94)-1) -> Aditya | G94: =MID(B94,FIND(" ",B94)+1,LEN(B94)) -> Naidu | H94: East | I94: 2023 | J94: {=_xlfn.SWITCH(TRUE,H94="North",10000,H94="South",10000,5000)} -> 5000 | K94: Pending | L94: 228 | M94: Mobile | N94: =RANDBETWEEN(0,10) -> 0 | O94: Competitive Coding | P94: BE / BTech - Non CS / IT
A95: 64700 | B95: Arjun Naidu | C95: Male | D95: =IF(C95="Male","Mr.","Mrs.") -> Mr. | E95: =_xlfn.CONCAT(D95,B95) -> Mr.Arjun Naidu | F95: =LEFT(B95,FIND(" ",B95)-1) -> Arjun | G95: =MID(B95,FIND(" ",B95)+1,LEN(B95)) -> Naidu | H95: East | I95: 2022 | J95: {=_xlfn.SWITCH(TRUE,H95="North",10000,H95="South",10000,5000)} -> 5000 | K95: Pending | L95: 0 | M95: Web | N95: 42 | O95: Data Structure and Algorithms | P95: BE / BTech - CS / IT
A96: 64701 | B96: Charvi Naidu | C96: Female | D96: =IF(C96="Male","Mr.","Mrs.") -> Mrs. | E96: =_xlfn.CONCAT(D96,B96) -> Mrs.Charvi Naidu | F96: =LEFT(B96,FIND(" ",B96)-1) -> Charvi | G96: =MID(B96,FIND(" ",B96)+1,LEN(B96)) -> Naidu | H96: North | I96: 2026 | J96: {=_xlfn.SWITCH(TRUE,H96="North",10000,H96="South",10000,5000)} -> 10000 | K96: Pending | L96: 0 | M96: Mobile | N96: 34 | O96: Data Structure and Algorithms | P96: Non-Coding, Non Engineering
A97: 64702 | B97: Ira Sinha | C97: Female | D97: =IF(C97="Male","Mr.","Mrs.") -> Mrs. | E97: =_xlfn.CONCAT(D97,B97) -> Mrs.Ira Sinha | F97: =LEFT(B97,FIND(" ",B97)-1) -> Ira | G97: =MID(B97,FIND(" ",B97)+1,LEN(B97)) -> Sinha | H97: East | I97: 2017 | J97: {=_xlfn.SWITCH(TRUE,H97="North",10000,H97="South",10000,5000)} -> 5000 | K97: Pending | L97: 0 | M97: Mobile | N97: =RANDBETWEEN(0,10) -> 0 | O97: Competitive Coding | P97: BE / BTech - CS / IT
A98: 64703 | B98: Rishi Verma | C98: Male | D98: =IF(C98="Male","Mr.","Mrs.") -> Mr. | E98: =_xlfn.CONCAT(D98,B98) -> Mr.Rishi Verma | F98: =LEFT(B98,FIND(" ",B98)-1) -> Rishi | G98: =MID(B98,FIND(" ",B98)+1,LEN(B98)) -> Verma | H98: North | I98: 2023 | J98: {=_xlfn.SWITCH(TRUE,H98="North",10000,H98="South",10000,5000)} -> 10000 | K98: Pending | L98: 4935 | M98: Mobile | N98: =RANDBETWEEN(0,10) -> 6 | O98: Competitive Coding | P98: BE / BTech - CS / IT
A99: 64704 | B99: Aditya Bhatt | C99: Male | D99: =IF(C99="Male","Mr.","Mrs.") -> Mr. | E99: =_xlfn.CONCAT(D99,B99) -> Mr.Aditya Bhatt | F99: =LEFT(B99,FIND(" ",B99)-1) -> Aditya | G99: =MID(B99,FIND(" ",B99)+1,LEN(B99)) -> Bhatt | H99: North | I99: 2024 | J99: {=_xlfn.SWITCH(TRUE,H99="North",10000,H99="South",10000,5000)} -> 10000 | K99: Completed | L99: 3470 | M99: Mobile | N99: 35 | O99: Data Structure and Algorithms | P99: BE / BTech - CS / IT
A100: 64705 | B100: Dhanush Verma | C100: Male | D100: =IF(C100="Male","Mr.","Mrs.") -> Mr. | E100: =_xlfn.CONCAT(D100,B100) -> Mr.Dhanush Verma | F100: =LEFT(B100,FIND(" ",B100)-1) -> Dhanush | G100: =MID(B100,FIND(" ",B100)+1,LEN(B100)) -> Verma | H100: North | I100: 2025 | J100: {=_xlfn.SWITCH(TRUE,H100="North",10000,H100="South",10000,5000)} -> 10000 | K100: Pending | L100: 250 | M100: Mobile | N100: 79 | O100: Data Structure and Algorithms | P100: BCA / MCA
...

Sheet Login Issues
A1: User ID | B1: Device | C1: Name | D1: Region
A2: 64633 | B2: =_xlfn.XLOOKUP(A2,Data!$A$2:$A$1001,Data!$M$2:$M$1001) -> Mobile | C2: =_xlfn.XLOOKUP(A2,Data!A2:A1001,Data!E2:E1001) -> Mr.Laksh Kulkarni | D2: =_xlfn.XLOOKUP(A2,Data!A2:A1001,Data!H2:H1001) -> South
A3: 64634 | B3: =_xlfn.XLOOKUP(A3,Data!$A$2:$A$1001,Data!$M$2:$M$1001) -> Mobile | C3: =_xlfn.XLOOKUP(A3,Data!A3:A1002,Data!E3:E1002) -> Mr.Atharv Singh | D3: =_xlfn.XLOOKUP(A3,Data!A3:A1002,Data!H3:H1002) -> North
A4: 64972 | B4: =_xlfn.XLOOKUP(A4,Data!$A$2:$A$1001,Data!$M$2:$M$1001) -> Mobile | C4: =_xlfn.XLOOKUP(A4,Data!A4:A1003,Data!E4:E1003) -> Mrs.Anaya Kumar | D4: =_xlfn.XLOOKUP(A4,Data!A4:A1003,Data!H4:H1003) -> East
A5: 64805 | B5: =_xlfn.XLOOKUP(A5,Data!$A$2:$A$1001,Data!$M$2:$M$1001) -> Mobile | C5: =_xlfn.XLOOKUP(A5,Data!A5:A1004,Data!E5:E1004) -> Mrs.Tara Patel | D5: =_xlfn.XLOOKUP(A5,Data!A5:A1004,Data!H5:H1004) -> North
A6: 64637 | B6: =_xlfn.XLOOKUP(A6,Data!$A$2:$A$1001,Data!$M$2:$M$1001) -> Mobile | C6: =_xlfn.XLOOKUP(A6,Data!A6:A1005,Data!E6:E1005) -> Mrs.Aarohi Gupta | D6: =_xlfn.XLOOKUP(A6,Data!A6:A1005,Data!H6:H1005) -> North
A7: 64806 | B7: =_xlfn.XLOOKUP(A7,Data!$A$2:$A$1001,Data!$M$2:$M$1001) -> Mobile | C7: =_xlfn.XLOOKUP(A7,Data!A7:A1006,Data!E7:E1006) -> Mrs.Eva Verma | D7: =_xlfn.XLOOKUP(A7,Data!A7:A1006,Data!H7:H1006) -> East
A8: 64970 | B8: =_xlfn.XLOOKUP(A8,Data!$A$2:$A$1001,Data!$M$2:$M$1001) -> Mobile | C8: =_xlfn.XLOOKUP(A8,Data!A8:A1007,Data!E8:E1007) -> Mrs.Anvi Dutta | D8: =_xlfn.XLOOKUP(A8,Data!A8:A1007,Data!H8:H1007) -> South
A9: 64971 | B9: =_xlfn.XLOOKUP(A9,Data!$A$2:$A$1001,Data!$M$2:$M$1001) -> Mobile | C9: =_xlfn.XLOOKUP(A9,Data!A9:A1008,Data!E9:E1008) -> Mr.Dhanush Sinha | D9: =_xlfn.XLOOKUP(A9,Data!A9:A1008,Data!H9:H1008) -> West
A10: 65201 | B10: =_xlfn.XLOOKUP(A10,Data!$A$2:$A$1001,Data!$M$2:$M$1001) -> Mobile | C10: =_xlfn.XLOOKUP(A10,Data!A10:A1009,Data!E10:E1009) -> Mrs.Aaradhya Das | D10: =_xlfn.XLOOKUP(A10,Data!A10:A1009,Data!H10:H1009) -> West
A11: 65202 | B11: =_xlfn.XLOOKUP(A11,Data!$A$2:$A$1001,Data!$M$2:$M$1001) -> Mobile | C11: =_xlfn.XLOOKUP(A11,Data!A11:A1010,Data!E11:E1010) -> Mrs.Sara Sharma | D11: =_xlfn.XLOOKUP(A11,Data!A11:A1010,Data!H11:H1010) -> West

Sheet Analysis

Sheet KPIs and Pivot Table
B3: =SUM(Data!J2:J1001) -> 8015000 | C3: =SUMIF(Data!K2:K1001,"=Completed",Data!J2:J1001) -> 2630000 | D3: =AVERAGE(Data!N2:N1001) -> 31.576 | E3: =AVERAGE(Data!L2:L1001) -> 4356.089 | F3: =COUNTIF(Data!K2:K1001,"=Completed") -> 327 | G3: =F3/H3 -> 0.327 | H3: =COUNT(Data!A2:A1001) -> 1000 | I3: =COUNTIF(Data!M2:M1001,"=Mobile")/H3 -> 0.772 | J3: =B3/H3 -> 8015
B7: Region | C7: Students enrolled | E7: Signup Device | F7: Students enrolled | H7: Course Name | I7: Count of ID
B8: North | C8: 344 | E8: Mobile | F8: 772 | H8: Competitive Coding | I8: 511
B9: South | C9: 259 | E9: Tablet | F9: 7 | H9: Data Structure and Algorithms | I9: 470
B10: East | C10: 205 | E10: Web | F10: 221 | H10: Kickstarting Web Dev | I10: 19
B11: West | C11: 192
B13: DegreeCategories - DegreeCategoryId → Name | C13: Count of ID | E13: PassingYear | F13: Count of ID | H13: Streak | I13: Count of ID
B14: BCA / MCA | C14: 148 | E14: 2002-2006 | F14: 4 | H14: 0-9 | I14: 308
B15: BE / BTech - CS / IT | C15: 354 | E15: 2007-2011 | F15: 1 | H15: 10-19 | I15: 98
B16: BE / BTech - Non CS / IT | C16: 172 | E16: 2012-2016 | F16: 28 | H16: 20-29 | I16: 104
B17: Diploma | C17: 109 | E17: 2017-2021 | F17: 194 | H17: 30-39 | I17: 114
B18: Non-Coding, Non Engineering | C18: 217 | E18: 2022-2026 | F18: 650 | H18: 40-49 | I18: 94
E19: 2027-2031 | F19: 123 | H19: 50-59 | I19: 93
H20: 60-69 | I20: 102
H21: 70-80 | I21: 87
